/reading//index.{html} /reading//
/reading/easy-hard/index.{html} /reading/easy-hard/
/writing//index.{html} /writing//
/index.html /
/general//index.{html} /general//
/general/step/index.{html} /general/step/
/listening//index.{html} /listening//
/listening/listening-first/index.{html} /listening/listening-first/
/general/process/index.{html} /general/process/
/speaking//index.{html} /speaking//
/writing/natural/index.{html} /writing/natural/
/writing/simple/index.{html} /writing/simple/
